Title,Author,Genre,Price,Quantity
Python Basics,John Smith,Programming,500,20
Data Science,David Lee,Technology,700,15
The Alchemist,Paulo Coelho,Fiction,350,25
Atomic Habits,James Clear,Self Help,600,18
Learning JavaScript,Emily Carter,Programming,550,22
Machine Learning Essentials,Andrew Ng,Technology,850,12
The Power of Now,Eckhart Tolle,Self Help,400,30
1984,George Orwell,Fiction,300,28
Clean Code,Robert Martin,Programming,750,14
Deep Work,Cal Newport,Self Help,520,16
Sapiens,Yuval Noah Harari,History,650,19
The Silk Roads,Peter Frankopan,History,700,9
The Great Gatsby,F. Scott Fitzgerald,Fiction,280,35
Cloud Computing Fundamentals,Sarah Johnson,Technology,780,10
Rich Dad Poor Dad,Robert Kiyosaki,Finance,450,32
The Intelligent Investor,Benjamin Graham,Finance,680,11
Think and Grow Rich,Napoleon Hill,Finance,380,26
Wings of Fire,APJ Abdul Kalam,Biography,320,40
Steve Jobs,Walter Isaacson,Biography,720,13
Long Walk to Freedom,Nelson Mandela,Biography,600,8
Pride and Prejudice,Jane Austen,Fiction,260,24
The Hobbit,J.R.R. Tolkien,Fantasy,480,21
Harry Potter and the Sorcerer's Stone,J.K. Rowling,Fantasy,550,38
A Brief History of Time,Stephen Hawking,Science,620,17
Cosmos,Carl Sagan,Science,590,12
The Selfish Gene,Richard Dawkins,Science,540,9
Algorithms Unlocked,Thomas Cormen,Programming,800,7
The Subtle Art of Not Giving a Fck,Mark Manson,Self Help,420,29
