Date,Title,Quantity Sold,Total Revenue
2026-01-02,The Power of Now,2,800
2026-01-03,The Alchemist,1,350
2026-01-05,Python Basics,3,1500
2026-01-05,The Alchemist,2,700
2026-01-07,Atomic Habits,4,2400
2026-01-08,Rich Dad Poor Dad,1,450
2026-01-08,The Alchemist,5,1750
2026-01-10,Sapiens,3,1950
2026-01-11,Algorithms Unlocked,3,2400
2026-01-12,Deep Work,3,1560
2026-01-19,Rich Dad Poor Dad,3,1350
2026-01-22,Machine Learning Essentials,3,2550
2026-01-26,The Great Gatsby,3,840
2026-01-27,Clean Code,3,2250
2026-01-30,Think and Grow Rich,2,760
2026-01-31,Deep Work,2,1040
2026-02-03,Data Science,2,1400
2026-02-04,Python Basics,3,1500
2026-02-05,Data Science,3,2100
2026-02-06,The Great Gatsby,5,1400
2026-02-07,The Alchemist,3,1050
2026-02-11,The Subtle Art of Not Giving a Fck,2,840
2026-02-13,Python Basics,1,500
2026-02-14,Atomic Habits,4,2400
2026-02-16,The Intelligent Investor,5,3400
2026-02-20,Steve Jobs,3,2160
2026-02-22,1984,2,600
2026-02-26,The Great Gatsby,2,560
2026-02-28,Think and Grow Rich,2,760
2026-03-01,Pride and Prejudice,1,260
2026-03-03,The Alchemist,3,1050
2026-03-06,Python Basics,1,500
2026-03-07,The Great Gatsby,1,280
2026-03-09,The Alchemist,5,1750
2026-03-11,Cloud Computing Fundamentals,4,3120
2026-03-17,Wings of Fire,3,960
2026-03-18,Cloud Computing Fundamentals,1,780
2026-03-19,Data Science,1,700
2026-03-21,Learning JavaScript,1,550
2026-03-23,Data Science,1,700
2026-03-25,Machine Learning Essentials,5,4250
2026-03-26,The Alchemist,5,1750
2026-03-27,The Great Gatsby,4,1120
2026-03-28,The Alchemist,4,1400
2026-03-29,Sapiens,1,650
2026-04-01,Sapiens,3,1950
2026-04-03,Atomic Habits,5,3000
2026-04-04,Atomic Habits,5,3000
2026-04-05,Cosmos,5,2950
2026-04-08,Wings of Fire,1,320
2026-04-12,The Great Gatsby,2,560
2026-04-15,Python Basics,4,2000
2026-04-16,Pride and Prejudice,5,1300
2026-04-17,Wings of Fire,5,1600
2026-04-18,1984,1,300
2026-04-22,Rich Dad Poor Dad,2,900
2026-04-23,The Great Gatsby,2,560
2026-04-24,Data Science,2,1400
2026-04-25,The Selfish Gene,2,1080
2026-04-27,Data Science,3,2100
2026-04-29,Steve Jobs,2,1440
2026-04-30,The Alchemist,3,1050
2026-05-04,Think and Grow Rich,1,380
2026-05-05,Learning JavaScript,3,1650
2026-05-06,Clean Code,1,750
2026-05-08,Atomic Habits,3,1800
2026-05-12,Harry Potter and the Sorcerer's Stone,3,1650
2026-05-14,Harry Potter and the Sorcerer's Stone,3,1650
2026-05-15,The Alchemist,2,700
2026-05-16,The Intelligent Investor,3,2040
2026-05-17,Think and Grow Rich,3,1140
2026-05-19,Cosmos,1,590
2026-05-20,Sapiens,3,1950
2026-05-21,Clean Code,2,1500
2026-05-23,Long Walk to Freedom,4,2400
2026-05-25,The Selfish Gene,2,1080
2026-05-29,The Alchemist,3,1050
2026-05-30,The Selfish Gene,1,540
2026-06-01,Machine Learning Essentials,1,850
2026-06-02,Rich Dad Poor Dad,4,1800
2026-06-06,Atomic Habits,2,1200
2026-06-08,Steve Jobs,3,2160
2026-06-10,Wings of Fire,2,640
2026-06-11,The Hobbit,1,480
2026-06-12,Python Basics,5,2500
2026-06-13,Harry Potter and the Sorcerer's Stone,5,2750
2026-06-14,Harry Potter and the Sorcerer's Stone,2,1100
2026-06-15,Wings of Fire,4,1280
2026-06-16,Harry Potter and the Sorcerer's Stone,3,1650
2026-06-17,The Great Gatsby,3,840
2026-06-19,Algorithms Unlocked,2,1600
2026-06-22,The Intelligent Investor,3,2040
2026-06-24,The Intelligent Investor,1,680
2026-06-25,Rich Dad Poor Dad,3,1350
2026-06-26,The Silk Roads,2,1400
2026-06-27,Data Science,3,2100
2026-06-30,A Brief History of Time,3,1860
2026-07-02,Wings of Fire,2,640
2026-07-03,Wings of Fire,4,1280
2026-07-07,Rich Dad Poor Dad,1,450
2026-07-08,Learning JavaScript,3,1650
2026-07-11,The Great Gatsby,2,560
2026-07-13,Wings of Fire,3,960
2026-07-14,The Selfish Gene,2,1080
2026-07-16,Atomic Habits,1,600
2026-07-17,The Subtle Art of Not Giving a Fck,1,420
2026-07-22,Sapiens,2,1300
2026-07-24,Long Walk to Freedom,1,600
2026-07-26,The Hobbit,5,2400
2026-07-27,Machine Learning Essentials,1,850
2026-08-12,Machine Learning Essentials,3,2550
2026-08-16,Data Science,3,2100
2026-08-17,Clean Code,1,750
2026-08-18,Machine Learning Essentials,2,1700
2026-08-20,Sapiens,5,3250
2026-08-21,Learning JavaScript,4,2200
2026-08-22,Pride and Prejudice,1,260
2026-08-25,Python Basics,3,1500
2026-08-26,Sapiens,4,2600
2026-09-01,The Great Gatsby,4,1120
2026-09-02,Wings of Fire,4,1280
2026-09-07,Cosmos,1,590
2026-09-08,The Silk Roads,5,3500
2026-09-09,The Power of Now,3,1200
2026-09-10,1984,4,1200
2026-09-11,The Selfish Gene,4,2160
2026-09-12,Data Science,1,700
2026-09-14,The Selfish Gene,2,1080
2026-09-20,Python Basics,2,1000
2026-09-21,The Great Gatsby,1,280
2026-09-22,Learning JavaScript,3,1650
2026-09-24,The Intelligent Investor,1,680
2026-09-26,1984,1,300
